{"total_loss": 2.5276002883911133, "recon_loss": 0.5560510754585266, "perceptual_loss": 0.30605584383010864, "adversarial_gen_loss": 1.353463888168335, "_timestamp": 1712191337.11835, "discr_loss": 0.0, "gradient_penalty": 0.9944032430648804, "_runtime": 129.70787501335144, "_step": 6, "valid_recon_loss": 0.5560513138771057, "valid_ema_recon_loss": 0.5560513138771057, "_wandb": {"runtime": 137}}