{"total_loss": 8.181329727172852, "recon_loss": 0.5692493319511414, "perceptual_loss": 0.8615102767944336, "adversarial_gen_loss": 2.257420539855957, "_timestamp": 1712191503.0731614, "discr_loss": 0.0, "gradient_penalty": 0.7576819658279419, "_runtime": 143.85310530662537, "_step": 21, "valid_recon_loss": 0.5692530274391174, "valid_ema_recon_loss": 0.5692530274391174, "_wandb": {"runtime": 146}}