{"total_loss": 0.9207361936569214, "recon_loss": 0.18948814272880554, "perceptual_loss": 0.5657680034637451, "adversarial_gen_loss": 1.5106154680252075, "_timestamp": 1712184559.5555305, "discr_loss": 1.0328866243362427, "gradient_penalty": 0.9423463940620422, "_runtime": 359.24511766433716, "_step": 28, "valid_recon_loss": 0.35620933771133423, "valid_ema_recon_loss": 0.35620933771133423, "_wandb": {"runtime": 365}}