{"total_loss": 10.697010040283203, "recon_loss": 0.559642493724823, "perceptual_loss": 0.7025283575057983, "adversarial_gen_loss": 2.458970069885254, "_timestamp": 1712191890.283213, "discr_loss": 0.7358613610267639, "gradient_penalty": 0.4493756890296936, "_runtime": 152.98921990394592, "_step": 22, "valid_recon_loss": 0.5596430897712708, "valid_ema_recon_loss": 0.5596430897712708, "_wandb": {"runtime": 153}}