{"total_loss": 2.9679553508758545, "recon_loss": 0.37811386585235596, "perceptual_loss": 0.5376091003417969, "adversarial_gen_loss": 2.100900650024414, "_timestamp": 1712184133.168945, "discr_loss": 0.0, "gradient_penalty": 0.9207138419151306, "_runtime": 273.51154017448425, "_step": 21, "valid_recon_loss": 0.48258015513420105, "valid_ema_recon_loss": 0.48258015513420105, "_wandb": {"runtime": 279}}