{"total_loss": 1.0294746160507202, "recon_loss": 0.5087397694587708, "perceptual_loss": 0.4839157462120056, "adversarial_gen_loss": 0.3204910159111023, "_timestamp": 1712191940.783645, "discr_loss": 1.3808650970458984, "gradient_penalty": 0.9780728220939636, "_runtime": 21.762192964553833, "_step": 1, "_wandb": {"runtime": 23}, "valid_recon_loss": 0.5087397694587708, "valid_ema_recon_loss": 0.5087397694587708}