{"total_loss": 0.96756911277771, "recon_loss": 0.37176141142845154, "perceptual_loss": 0.4793194532394409, "adversarial_gen_loss": 5.198136329650879, "_timestamp": 1712191084.924899, "discr_loss": 0.0, "gradient_penalty": 0.021856866776943207, "_runtime": 6401.342967987061, "_step": 268, "valid_recon_loss": 0.2669467031955719, "valid_ema_recon_loss": 0.2681834399700165, "_wandb": {"runtime": 6416}}